Country Name,Short Name,year,Record,Built-up Land,Carbon,Cropland,Fishing Grounds,Forest Products,Grazing Land,Total,Data Quality Score,isoa2
Finland,Finland,1961,BiocapPerCap,null,null,null,null,null,null,14.1168021990548,2A,FI
Finland,Finland,1961,EFConsPerCap,null,null,null,null,null,null,7.00775588069746,2A,FI
Finland,Finland,1962,BiocapPerCap,null,null,null,null,null,null,13.7481391535565,2A,FI
Finland,Finland,1962,EFConsPerCap,null,null,null,null,null,null,6.50916087931893,2A,FI
Finland,Finland,1963,BiocapPerCap,null,null,null,null,null,null,13.886998395898,2A,FI
Finland,Finland,1963,EFConsPerCap,null,null,null,null,null,null,6.68612968306675,2A,FI
Finland,Finland,1964,BiocapPerCap,null,null,null,null,null,null,13.6746139358368,2A,FI
Finland,Finland,1964,EFConsPerCap,null,null,null,null,null,null,6.87111558337851,2A,FI
Finland,Finland,1965,BiocapPerCap,null,null,null,null,null,null,13.9000912470684,2A,FI
Finland,Finland,1965,EFConsPerCap,null,null,null,null,null,null,7.06465579681404,2A,FI
Finland,Finland,1966,BiocapPerCap,null,null,null,null,null,null,13.7519714479881,2A,FI
Finland,Finland,1966,EFConsPerCap,null,null,null,null,null,null,6.83351007505456,2A,FI
Finland,Finland,1967,BiocapPerCap,null,null,null,null,null,null,13.8267568273135,2A,FI
Finland,Finland,1967,EFConsPerCap,null,null,null,null,null,null,7.19795256995841,2A,FI
Finland,Finland,1968,BiocapPerCap,null,null,null,null,null,null,13.8038257099689,2A,FI
Finland,Finland,1968,EFConsPerCap,null,null,null,null,null,null,5.74683429440182,2A,FI
Finland,Finland,1969,BiocapPerCap,null,null,null,null,null,null,13.9069160926172,2A,FI
Finland,Finland,1969,EFConsPerCap,null,null,null,null,null,null,6.30628160865926,2A,FI
Finland,Finland,1970,BiocapPerCap,null,null,null,null,null,null,14.0899475074701,2A,FI
Finland,Finland,1970,EFConsPerCap,null,null,null,null,null,null,7.33330199349402,2A,FI
Finland,Finland,1971,BiocapPerCap,null,null,null,null,null,null,14.1737414199916,2A,FI
Finland,Finland,1971,EFConsPerCap,null,null,null,null,null,null,7.48251987475193,2A,FI
Finland,Finland,1972,BiocapPerCap,null,null,null,null,null,null,14.0846225114296,2A,FI
Finland,Finland,1972,EFConsPerCap,null,null,null,null,null,null,6.93438837469183,2A,FI
Finland,Finland,1973,BiocapPerCap,null,null,null,null,null,null,13.9918431502752,2A,FI
Finland,Finland,1973,EFConsPerCap,null,null,null,null,null,null,7.4960811384045,2A,FI
Finland,Finland,1974,BiocapPerCap,null,null,null,null,null,null,13.9605395437943,2A,FI
Finland,Finland,1974,EFConsPerCap,null,null,null,null,null,null,7.39986340294726,2A,FI
Finland,Finland,1975,BiocapPerCap,null,null,null,null,null,null,14.2241694121027,2A,FI
Finland,Finland,1975,EFConsPerCap,null,null,null,null,null,null,7.98373249140635,2A,FI
Finland,Finland,1976,BiocapPerCap,null,null,null,null,null,null,14.2671656392567,2A,FI
Finland,Finland,1976,EFConsPerCap,null,null,null,null,null,null,7.63340452225013,2A,FI
Finland,Finland,1977,BiocapPerCap,null,null,null,null,null,null,14.0279778365911,2A,FI
Finland,Finland,1977,EFConsPerCap,null,null,null,null,null,null,6.85870904545518,2A,FI
Finland,Finland,1978,BiocapPerCap,null,null,null,null,null,null,13.9173388470937,2A,FI
Finland,Finland,1978,EFConsPerCap,null,null,null,null,null,null,6.98413741854383,2A,FI
Finland,Finland,1979,BiocapPerCap,null,null,null,null,null,null,14.0030379083267,2A,FI
Finland,Finland,1979,EFConsPerCap,null,null,null,null,null,null,7.79359997546159,2A,FI
Finland,Finland,1980,BiocapPerCap,null,null,null,null,null,null,13.9310884653405,2A,FI
Finland,Finland,1980,EFConsPerCap,null,null,null,null,null,null,7.85134622774773,2A,FI
Finland,Finland,1981,BiocapPerCap,null,null,null,null,null,null,13.6145149990257,2A,FI
Finland,Finland,1981,EFConsPerCap,null,null,null,null,null,null,6.86298998492851,2A,FI
Finland,Finland,1982,BiocapPerCap,null,null,null,null,null,null,13.7999253475027,2A,FI
Finland,Finland,1982,EFConsPerCap,null,null,null,null,null,null,6.90273872084363,2A,FI
Finland,Finland,1983,BiocapPerCap,null,null,null,null,null,null,13.761594888028,2A,FI
Finland,Finland,1983,EFConsPerCap,null,null,null,null,null,null,6.40507470412678,2A,FI
Finland,Finland,1984,BiocapPerCap,null,null,null,null,null,null,13.6034942348569,2A,FI
Finland,Finland,1984,EFConsPerCap,null,null,null,null,null,null,6.59495561939673,2A,FI
Finland,Finland,1985,BiocapPerCap,null,null,null,null,null,null,13.4674058030331,2A,FI
Finland,Finland,1985,EFConsPerCap,null,null,null,null,null,null,6.9504309442671,2A,FI
Finland,Finland,1986,BiocapPerCap,null,null,null,null,null,null,13.3624000632382,2A,FI
Finland,Finland,1986,EFConsPerCap,null,null,null,null,null,null,6.68814574017966,2A,FI
Finland,Finland,1987,BiocapPerCap,null,null,null,null,null,null,12.9780919462786,2A,FI
Finland,Finland,1987,EFConsPerCap,null,null,null,null,null,null,6.43533379990892,2A,FI
Finland,Finland,1988,BiocapPerCap,null,null,null,null,null,null,13.1051027568753,2A,FI
Finland,Finland,1988,EFConsPerCap,null,null,null,null,null,null,6.85415890465895,2A,FI
Finland,Finland,1989,BiocapPerCap,null,null,null,null,null,null,13.3650970095078,2A,FI
Finland,Finland,1989,EFConsPerCap,null,null,null,null,null,null,8.0696590810031,2A,FI
Finland,Finland,1990,BiocapPerCap,null,null,null,null,null,null,13.4336050130913,2A,FI
Finland,Finland,1990,EFConsPerCap,null,null,null,null,null,null,7.19353115318796,2A,FI
Finland,Finland,1991,BiocapPerCap,null,null,null,null,null,null,13.3325422839983,2A,FI
Finland,Finland,1991,EFConsPerCap,null,null,null,null,null,null,5.50253749389268,2A,FI
Finland,Finland,1992,BiocapPerCap,null,null,null,null,null,null,13.2353512806978,2A,FI
Finland,Finland,1992,EFConsPerCap,null,null,null,null,null,null,5.59534958875417,2A,FI
Finland,Finland,1993,BiocapPerCap,null,null,null,null,null,null,13.3872515604986,2A,FI
Finland,Finland,1993,EFConsPerCap,null,null,null,null,null,null,5.34750732681857,2A,FI
Finland,Finland,1994,BiocapPerCap,null,null,null,null,null,null,13.4335211565684,2A,FI
Finland,Finland,1994,EFConsPerCap,null,null,null,null,null,null,6.3815396653797,2A,FI
Finland,Finland,1995,BiocapPerCap,null,null,null,null,null,null,13.2843128400733,2A,FI
Finland,Finland,1995,EFConsPerCap,null,null,null,null,null,null,7.00785767869217,2A,FI
Finland,Finland,1996,BiocapPerCap,null,null,null,null,null,null,13.2759062253051,2A,FI
Finland,Finland,1996,EFConsPerCap,null,null,null,null,null,null,6.60926795323894,2A,FI
Finland,Finland,1997,BiocapPerCap,null,null,null,null,null,null,13.2270306970244,2A,FI
Finland,Finland,1997,EFConsPerCap,null,null,null,null,null,null,6.0886444559889,2A,FI
Finland,Finland,1998,BiocapPerCap,null,null,null,null,null,null,12.9421151496294,2A,FI
Finland,Finland,1998,EFConsPerCap,null,null,null,null,null,null,6.01179244731036,2A,FI
Finland,Finland,1999,BiocapPerCap,null,null,null,null,null,null,12.9855879988157,2A,FI
Finland,Finland,1999,EFConsPerCap,null,null,null,null,null,null,6.04827200706084,2A,FI
Finland,Finland,2000,BiocapPerCap,null,null,null,null,null,null,13.279381408917,2A,FI
Finland,Finland,2000,EFConsPerCap,null,null,null,null,null,null,6.5686603176516,2A,FI
Finland,Finland,2001,BiocapPerCap,null,null,null,null,null,null,13.2194643941458,2A,FI
Finland,Finland,2001,EFConsPerCap,null,null,null,null,null,null,7.27614175200161,2A,FI
Finland,Finland,2002,BiocapPerCap,null,null,null,null,null,null,13.2411921340506,2A,FI
Finland,Finland,2002,EFConsPerCap,null,null,null,null,null,null,6.73813570094452,2A,FI
Finland,Finland,2003,BiocapPerCap,null,null,null,null,null,null,13.14040476517,2A,FI
Finland,Finland,2003,EFConsPerCap,null,null,null,null,null,null,6.89142658333607,2A,FI
Finland,Finland,2004,BiocapPerCap,null,null,null,null,null,null,12.9741974839098,2A,FI
Finland,Finland,2004,EFConsPerCap,null,null,null,null,null,null,6.48480276235771,2A,FI
Finland,Finland,2005,BiocapPerCap,null,null,null,null,null,null,13.0545078856513,2A,FI
Finland,Finland,2005,EFConsPerCap,null,null,null,null,null,null,7.67697078097591,2A,FI
Finland,Finland,2006,BiocapPerCap,null,null,null,null,null,null,12.9396543928822,2A,FI
Finland,Finland,2006,EFConsPerCap,null,null,null,null,null,null,6.69233289453139,2A,FI
Finland,Finland,2007,BiocapPerCap,null,null,null,null,null,null,13.0114063973351,2A,FI
Finland,Finland,2007,EFConsPerCap,null,null,null,null,null,null,7.0143026191236,2A,FI
Finland,Finland,2008,BiocapPerCap,null,null,null,null,null,null,12.8487045069187,2A,FI
Finland,Finland,2008,EFConsPerCap,null,null,null,null,null,null,7.2093547380518,2A,FI
Finland,Finland,2009,BiocapPerCap,null,null,null,null,null,null,12.7955737271294,2A,FI
Finland,Finland,2009,EFConsPerCap,null,null,null,null,null,null,6.01252961062008,2A,FI
Finland,Finland,2010,BiocapPerCap,null,null,null,null,null,null,12.490706921759,2A,FI
Finland,Finland,2010,EFConsPerCap,null,null,null,null,null,null,6.28309655586502,2A,FI
Finland,Finland,2011,BiocapPerCap,null,null,null,null,null,null,12.5378006279083,2A,FI
Finland,Finland,2011,EFConsPerCap,null,null,null,null,null,null,6.22758054675973,2A,FI
Finland,Finland,2012,BiocapPerCap,null,null,null,null,null,null,12.4559241594231,2A,FI
Finland,Finland,2012,EFConsPerCap,null,null,null,null,null,null,6.07284406855227,2A,FI
Finland,Finland,2013,BiocapPerCap,null,null,null,null,null,null,12.4511184788985,2A,FI
Finland,Finland,2013,EFConsPerCap,null,null,null,null,null,null,6.32891862344938,2A,FI
Finland,Finland,2014,BiocapPerCap,null,null,null,null,null,null,12.3825672806477,2A,FI
Finland,Finland,2014,EFConsPerCap,null,null,null,null,null,null,5.90866376948449,2A,FI
Finland,Finland,2015,BiocapPerCap,null,null,null,null,null,null,12.2585421700709,2A,FI
Finland,Finland,2015,EFConsPerCap,null,null,null,null,null,null,5.78857191753182,2A,FI
Finland,Finland,2016,BiocapPerCap,null,null,null,null,null,null,12.2145421056304,2A,FI
Finland,Finland,2016,EFConsPerCap,null,null,null,null,null,null,6.09176899626021,2A,FI
Finland,Finland,2017,BiocapPerCap,null,null,null,null,null,null,12.239052000197,2A,FI
Finland,Finland,2017,EFConsPerCap,null,null,null,null,null,null,6.10485007503215,2A,FI
Finland,Finland,2018,BiocapPerCap,null,null,null,null,null,null,11.9783310133732,2A,FI
Finland,Finland,2018,EFConsPerCap,null,null,null,null,null,null,6.40103737947021,2A,FI
Finland,Finland,2019,BiocapPerCap,null,null,null,null,null,null,12.2643313802687,2A,FI
Finland,Finland,2019,EFConsPerCap,null,null,null,null,null,null,5.43160504050216,2A,FI
Finland,Finland,2020,BiocapPerCap,null,null,null,null,null,null,12.0765328134157,2A,FI
Finland,Finland,2020,EFConsPerCap,null,null,null,null,null,null,5.50063515033515,2A,FI
Finland,Finland,2021,BiocapPerCap,null,null,null,null,null,null,11.8250172785141,2A,FI
Finland,Finland,2021,EFConsPerCap,null,null,null,null,null,null,5.91473016617561,2A,FI
Finland,Finland,2022,BiocapPerCap,null,null,null,null,null,null,12.0439690951595,2A,FI
Finland,Finland,2022,EFConsPerCap,null,null,null,null,null,null,6.44234760805553,2A,FI
Finland,Finland,2023,BiocapPerCap,null,null,null,null,null,null,12.0306896884041,2A,FI
Finland,Finland,2023,EFConsPerCap,null,null,null,null,null,null,6.08506237912639,2A,FI
Finland,Finland,2024,BiocapPerCap,0.209062543037998,0,0.835074842655136,2.26784800760157,8.61972467693852,0.0861322186095874,12.0178422888428,2A,FI
Finland,Finland,2024,EFConsPerCap,0.209062543037998,2.71935424388844,1.04407493267528,0.161532142239278,1.68375854747799,0.172741458498324,5.99052386781732,2A,FI
